<?xml version="1.0" ?>
<LOG_ROOT>
	<PROJECT NAME="AP9">
		<CBX_INST_ENTRY INSTANCE_NAME="|AP9|POS_CONV:inst13|lpm_divide:Mod0" CBX_FILE_NAME="lpm_divide_s7m.tdf"/>
		<CBX_INST_ENTRY INSTANCE_NAME="|AP9|VGA_MOD:inst|BUSMUX:inst14|lpm_mux:$00000" CBX_FILE_NAME="mux_9oc.tdf"/>
		<CBX_INST_ENTRY INSTANCE_NAME="|AP9|POS_CONV:inst13|lpm_divide:Div0" CBX_FILE_NAME="lpm_divide_dem.tdf"/>
		<CBX_INST_ENTRY INSTANCE_NAME="|AP9|VGA_MOD:inst|BUSMUX:inst13|lpm_mux:$00000" CBX_FILE_NAME="mux_omc.tdf"/>
		<CBX_INST_ENTRY INSTANCE_NAME="|AP9|VGA_MOD:inst|BUSMUX:inst15|lpm_mux:$00000" CBX_FILE_NAME="mux_boc.tdf"/>
		<CBX_INST_ENTRY INSTANCE_NAME="|AP9|lpm_rom0:inst3|altsyncram:altsyncram_component" CBX_FILE_NAME="altsyncram_5971.tdf"/>
		<CBX_INST_ENTRY INSTANCE_NAME="|AP9|VGA_MOD:inst|fifo0:inst7|scfifo:scfifo_component" CBX_FILE_NAME="scfifo_0p21.tdf"/>
		<CBX_INST_ENTRY INSTANCE_NAME="|AP9|VGA_MOD:inst|lpm_ram_dq0:inst3|altsyncram:altsyncram_component" CBX_FILE_NAME="altsyncram_mmc1.tdf"/>
		<CBX_INST_ENTRY INSTANCE_NAME="|AP9|VGA_MOD:inst|lpm_ram_dq1:inst2|altsyncram:altsyncram_component" CBX_FILE_NAME="altsyncram_imc1.tdf"/>
		<CBX_INST_ENTRY INSTANCE_NAME="|AP9|dec_keyboard:inst11|altsyncram:Mux0_rtl_0" CBX_FILE_NAME="altsyncram_pgu.tdf"/>
	</PROJECT>
</LOG_ROOT>
